id,Name,Phone number,Email,Expiry date
1,Odey Lorrimer,370-551-4438,olorrimer0@google.cn,2/6/2016
2,Cinnamon Pringour,405-502-9829,cpringour1@twitpic.com,10/30/2015
3,Benito Montilla,997-384-5677,bmontilla2@sun.com,6/13/2020
4,Gayla Mc Combe,668-600-5102,gmc3@youku.com,12/22/2012
5,Laurianne Davana,571-508-8846,ldavana4@hao123.com,4/4/2020
6,Rana Climance,944-644-3821,rclimance5@dell.com,7/5/2019
7,Mareah Gudgion,794-851-6677,mgudgion6@newyorker.com,3/20/2015
8,Vivia Lundy,636-652-0360,vlundy7@cnbc.com,8/30/2014
9,Bertine Knyvett,348-585-2870,bknyvett8@blog.com,6/13/2019
10,Bree Neggrini,540-945-1838,bneggrini9@ycombinator.com,3/9/2013
11,Arel Giuroni,717-471-0091,agiuronia@plala.or.jp,7/14/2019
12,Hartley Bellward,724-736-1982,hbellwardb@macromedia.com,9/4/2016
13,Aristotle Winterflood,749-530-2183,awinterfloodc@twitpic.com,4/9/2013
14,Ted Clotworthy,931-314-8282,tclotworthyd@prweb.com,6/6/2019
15,Mollee Tellenbach,467-585-4709,mtellenbache@e-recht24.de,1/21/2015
16,Austen Gouny,307-231-9751,agounyf@indiatimes.com,7/17/2018
17,Kliment Lodo,714-723-4651,klodog@stumbleupon.com,8/9/2013
18,Betsey Gookey,808-813-3817,bgookeyh@histats.com,10/17/2012
19,Zea Dutt,317-719-0266,zdutti@cyberchimps.com,10/30/2013
20,Paolina Lambdon,232-403-0989,plambdonj@techcrunch.com,6/24/2018
21,Antony Potteridge,593-914-1263,apotteridgek@reuters.com,3/17/2017
22,Rosmunda Mearing,757-601-2612,rmearingl@bloglines.com,9/30/2015
23,Gilberto Mc Caghan,770-602-2300,gmcm@pbs.org,2/2/2015
24,Bruce Crossgrove,664-659-4985,bcrossgroven@engadget.com,6/4/2018
25,Bucky McVey,973-713-6931,bmcveyo@geocities.com,4/3/2013
26,Odelinda Kirkebye,610-915-4787,okirkebyep@aol.com,11/14/2013
27,Myrta Gibbard,433-563-0401,mgibbardq@oakley.com,6/22/2020
28,Warner Loughlan,777-354-4456,wloughlanr@creativecommons.org,2/21/2013
29,Phaidra Orans,359-462-0767,poranss@sina.com.cn,1/1/2014
30,Luz Gladdor,315-761-1860,lgladdort@drupal.org,7/3/2020
31,Raeann Ekins,345-753-9626,rekinsu@latimes.com,3/22/2018
32,Jolyn Meffan,576-392-9837,jmeffanv@sourceforge.net,1/9/2013
33,Barney Dalyiel,952-620-2066,bdalyielw@theatlantic.com,1/10/2016
34,Arnoldo Moralee,951-476-6672,amoraleex@japanpost.jp,12/16/2017
35,Odie Shepley,600-541-2976,oshepleyy@hexun.com,11/30/2017
36,Aksel Sustins,801-368-6429,asustinsz@wikimedia.org,12/31/2018
37,Barron Lattos,234-149-3627,blattos10@arizona.edu,6/27/2014
38,Hube Galton,196-536-9523,hgalton11@narod.ru,6/30/2016
39,Reina Scanes,580-986-2702,rscanes12@paginegialle.it,1/4/2015
40,Selina Eagell,499-547-5620,seagell13@theglobeandmail.com,5/20/2020
41,Joey Culleford,128-194-1004,jculleford14@weebly.com,1/2/2018
42,Ivie Lebrun,710-684-8233,ilebrun15@usda.gov,4/13/2016
43,Barrie Giacobilio,994-490-8900,bgiacobilio16@icio.us,7/25/2019
44,Etta Menelaws,972-735-4167,emenelaws17@weebly.com,4/15/2013
45,Consolata Cavozzi,495-880-7107,ccavozzi18@icio.us,9/8/2019
46,Siusan Soda,534-601-1113,ssoda19@nytimes.com,10/6/2015
47,Cesaro Eymer,981-792-2405,ceymer1a@usnews.com,2/19/2015
48,Gilberta Elis,684-498-1817,gelis1b@utexas.edu,1/4/2017
49,De Abdie,898-690-5831,dabdie1c@wikispaces.com,3/6/2019
50,Tamarah Bythway,310-574-6178,tbythway1d@harvard.edu,9/5/2015
51,Roger Aleevy,602-923-8322,raleevy1e@hostgator.com,3/24/2019
52,Fernandina Pashenkov,593-436-1959,fpashenkov1f@home.pl,5/28/2015
53,Patin Sepey,950-879-2832,psepey1g@mapy.cz,8/26/2015
54,Lori Stango,556-618-7772,lstango1h@aol.com,10/20/2017
55,Brittne Challender,398-209-1396,bchallender1i@usda.gov,3/28/2016
56,Cicely Leipold,541-370-2342,cleipold1j@spiegel.de,1/21/2017
57,Delia Swayne,656-657-1381,dswayne1k@economist.com,9/24/2013
58,Jessika Gilchrest,332-766-2106,jgilchrest1l@bing.com,7/13/2014
59,Ursula Pea,886-922-3401,upea1m@skyrock.com,7/2/2014
60,Karolina Garnam,498-272-4029,kgarnam1n@example.com,1/6/2020
61,Gabi Tatershall,632-298-9892,gtatershall1o@shareasale.com,5/12/2019
62,Germana Gibling,947-381-4360,ggibling1p@pen.io,12/13/2017
63,Jerrome Dobing,727-780-1960,jdobing1q@amazon.de,6/23/2013
64,Darcie Bellhouse,468-838-0806,dbellhouse1r@typepad.com,11/10/2018
65,Mabel Shallow,832-542-6203,mshallow1s@google.co.jp,3/10/2018
66,Norbie Neilson,564-103-2732,nneilson1t@mozilla.com,7/13/2020
67,Elwood Gilogly,729-455-4144,egilogly1u@g.co,6/10/2019
68,Masha Getcliff,186-905-9493,mgetcliff1v@nifty.com,1/1/2019
69,Teri Rowsel,423-843-7974,trowsel1w@mac.com,1/27/2013
70,Steffie Meir,461-932-0457,smeir1x@mtv.com,8/10/2019
71,Merridie Caveill,753-361-9108,mcaveill1y@economist.com,11/28/2015
72,Joshua Phillcox,160-318-2660,jphillcox1z@google.com,12/12/2016
73,Almeda Adenot,909-569-1995,aadenot20@yellowbook.com,3/17/2013
74,Jenilee Laxton,616-192-9614,jlaxton21@illinois.edu,3/14/2015
75,Clarine Tolland,653-886-0341,ctolland22@cisco.com,7/3/2016
76,Chrotoem Costin,387-367-6880,ccostin23@dagondesign.com,1/15/2016
77,Yoshi Bill,277-688-8120,ybill24@forbes.com,5/7/2013
78,Tris Henrique,195-919-0780,thenrique25@noaa.gov,7/4/2016
79,Trenton Worsnip,115-502-0110,tworsnip26@latimes.com,8/11/2013
80,Tudor Phinnessy,456-458-1862,tphinnessy27@yahoo.com,11/20/2012
81,Ianthe Bourgourd,379-307-9501,ibourgourd28@china.com.cn,7/27/2015
82,Shirleen Walcher,937-441-5043,swalcher29@tinyurl.com,6/18/2019
83,Edgar Lange,601-526-3026,elange2a@tiny.cc,12/21/2017
84,Zacharia Ghion,532-439-6093,zghion2b@cisco.com,1/2/2018
85,Elianore Dreini,350-666-3980,edreini2c@nyu.edu,7/15/2017
86,Arin McReath,586-610-2625,amcreath2d@instagram.com,9/14/2017
87,Scarlett Martignon,102-814-1307,smartignon2e@scribd.com,8/18/2017
88,Wynn Nussgen,426-274-5274,wnussgen2f@jigsy.com,7/13/2018
89,Hugibert Putt,830-157-8555,hputt2g@vimeo.com,11/9/2017
90,Lutero Syme,825-538-2917,lsyme2h@wordpress.com,3/5/2020
91,Ana Rolling,935-640-3461,arolling2i@slideshare.net,2/25/2015
92,Dore Quilliam,289-166-2805,dquilliam2j@hubpages.com,9/23/2020
93,Haven Cassells,277-328-8168,hcassells2k@census.gov,11/10/2014
94,Janith Almack,219-117-6413,jalmack2l@squidoo.com,2/24/2013
95,Aldrich Kayzer,433-380-8668,akayzer2m@google.ca,2/21/2020
96,Betti Searson,421-798-7194,bsearson2n@addtoany.com,11/27/2014
97,Berenice Thornbarrow,559-811-9815,bthornbarrow2o@vistaprint.com,3/19/2019
98,Jermaine Ashpital,505-973-7014,jashpital2p@sbwire.com,9/19/2017
99,Gabriella Lardnar,734-946-7405,glardnar2q@printfriendly.com,7/27/2017
100,Kathleen McBratney,228-372-9383,kmcbratney2r@ftc.gov,5/21/2017
